name,protospacer_or_PEG,editor,guide_orientation_relative_to_amplicon,amplicon,note,tolerated_edits,intended_edit
PAH1,TCACAGTTCGGGGGTATACA,ABE,F,CCTTTTTTTagatggcgctcattgtgcctggcaactggtagctggaggacagtactcacAGTTCGGGGGTATACATGGGCTTGGATCCATGTCTGATGTACTGTGTGCAGCAAGACCTCAATCCTTTGGGTGTATGGGTCG,P281L Hexa,"3,16",5
R186W,CAGCAGCCaCTCAGAGTCTC,ABE,R,ATGGCCGAGACCAAGtgcccctggcttcccacagCCACGCCGTGGCACTGACCCGAGACTCTGAGtGGCTGCTGGAGGTGCGGAAGCGGATCAATGTCCTGCCCCTGGGGAGgtggACACT,guide9,13,9
PAH4,GGCCAAGGTATTGTGGCAGC,ABE,F,CCTCAATCCTTTGGGTGTATGGGTCGTAGCGAACTGAGAAGGGCCaAGGTATTGTGGCAGCAAAGTTCCTaagaccaaaaccacaggcttgagtgaGCAAAGACTGAGTCCCTCCAAATACTGCTGC,R408W Hexa,6,5
Q354X,tcttgcCTaCAGCGTAGAGA,ABE,R,CCCCTGGGGAGgtggACACTATGAGTGCCGTGCTCCAGGTGGCCACTGGCGTCATCTCTACGCTGtAGgcaagacatcacccccctgcttctcctcccctaggtcccaggcactggTCAGTCCCCTGA,,,9
R385C,GGCCTGGCaGAATGGCATct,ABE,R,agggggcagacagaggtgtgatggaagcctgagaaacctgcctcagcgccatcttcctccctggcacccagATGCCATTCtGCCAGGCCCACGAGGCCTCCGGGAAAGCTGTGTTCATGGCCGAGACCAAGtgcccctggcttccca,,,9
466S,GCAGAGGCatgagtcctaca,ABE,F,CGGGCCTCCTCTGGGAGCTCATTAGGACCATGGTGGATCGGGCAGAGGCatgagtcctacagggacacccagggggcagacagaggtgtgatggaagcctgagaaacctgcctcagcgccatcttcctccctggcacccagATGCCATTCt,guide9 ,"3,12,18",9
mix1,ACCATTTTCAGGAtCATCTTGAT,ABE,F,GGCCCAGGTAAGGAGAAAATTtcgccaaggtgggtagcttccaggtacaagtcacttccaaatcttcaatagagtccagctgcaccattttcaggatcatcttgatatcctgcatgggcattgcaaaaatcttcagcttcttacagcacaggcgtagtacatTTTTCTTTCGCTTCACTTTCTCA,gRNA-4,,ONE-seq
mix16,ACttTcTTCATGGAAATaTGGAA,ABE,F,GGAGTTCAGGTGTCATCCAAATTCCAGACTACCTTGGTTGACATGATTTACTTTCTTCATGGAAATATGGAAGTCAATGTCCCTTCCCTGGCAGAAGTTCAGTTACTGCTCTACACAACAGTGAAAGTCATGGGTGCTGTCTCTTATACAC,gRNA-4,,ONE-seq
OT1,GTCACAAGAACTGATCCTCTGAG,ABE,F,TTTTGAGACAGAGGCCCGGtcagcatgtggagaaggaatgtcacaagaactgatcctctgagctgtagttacagggaaggtgctccttacctttaatgtatcACCAAATGAACAGACAGCAACT,,,ONE-seq
OT10,TTCTCAGGAAACTGATCCTCAGG,ABE,F,ACTGATGCTTATGGTCTTTGGAtagacatagaaattgaccctcttggtcttaaagcttgaaatttacatttgtcttatctgagttcctttctcaggaaactgatcctcaggcctcctagatagtatcaaggaaatgaaacttACCAGATCACCACATCCAGA,,,ONE-seq